58be2d97-10d7-4d94-a3e4-52cfa8fca903,유지훈,010-1234-5678,경기도 하남시
8cdbea2b-efe1-44e4-89c9-0164c1f102f8,You Ji Hoon,010-1234-5333,경기도 성남시
4666304d-b3bc-4063-9843-5290e6b136c3,Min,010-4321-8475,서울시 광진구
697b7744-8684-43de-9ffa-63fe93ab2f84,유지훈,010-1234-5678,경기도 하남시
45cd97f2-f41d-4f2c-b7f1-0fe7cfaf8bf0,You Ji Hoon,010-1234-5333,경기도 성남시
be50b23e-cc7c-4678-a73f-551375f1a03a,Min,010-4321-8475,서울시 광진구
4c203cef-d3ff-459c-8842-0710d360c3f0,유지훈,010-1234-5678,경기도 하남시
0753af1a-0509-499a-8fd0-2922703a63eb,You Ji Hoon,010-1234-5333,경기도 성남시
b7213264-13c0-41d2-926c-adaeb51057a5,Min,010-4321-8475,서울시 광진구
568640af-8adf-4c08-b36e-892483188b66,유지훈,010-1234-5678,경기도 하남시
f9912858-4990-44d7-8647-9d402850f4cd,You Ji Hoon,010-1234-5333,경기도 성남시
91d1e445-98aa-43f2-bc03-ccd5e4d0d0f0,Min,010-4321-8475,서울시 광진구
cda56658-1c0c-4fda-8cc7-40828bcae68c,유지훈,010-1234-5678,경기도 하남시
4afa9731-cf97-436e-bb8f-ab7f97902140,You Ji Hoon,010-1234-5333,경기도 성남시
02a6efd5-f08b-442a-85bd-e8c2ca6968ba,Min,010-4321-8475,서울시 광진구
